Topic,Quantity
Activism,96
Politics,90
Civil Rights,74
"U.S. History, 1969-2001",50
International affairs,47
Black power,44
Justice,42
Pan Africanism,41
Race relations,39
"U.S. History, 2001-",27
Black Lives Matter,26
"U.S. History, 1961-1969",23
Resistance,22
Police brutality,21
Political organizations,20
Decolonization,19
Women,18
Violence,17
Mass media,15
Dance,14
Anti-apartheid movements,13
Education,13
Social reform,10
Associations and institutions,9
African diaspora,9
Labor unions,9
Correspondence,9
Feminism,8
Segregation,8
"U.S. History, 1953-1961",8
Law,8
Suffrage,7
Communities,7
"Reconstruction, U.S. History, 1865-1877",6
Freedom,6
American South,6
Religion,5
Discrimination,5
Men,5
Anti-Lynching Movement,5
Race,5
Music,4
Lynching,4
March on Washington for Jobs and Freedom,4
Design,4
Economics,3
United States History,3
Urban life,3
Multilingual communication,3
Slavery,3
Holidays and festivals,3
"U.S. History, 1919-1933",3
Children,3
Graphic arts,3
American West,3
Group identity,3
Sexuality,3
Black Power (Black Pride),3
Latin jazz (Music),2
Jazz (Music),2
"Vietnam War, 1961-1975",2
Gender issues,2
Transportation,2
Military,2
African American - Latinx Solidarity,2
Emancipation,2
White supremacy movements,2
Nuyorican Movement,2
Colonies,2
Emigration and immigration,2
Tulsa Race Massacre,2
"World War, 1939-1945",2
Communication,2
Health,2
LGBTQ,2
Prisons,2
Antislavery,2
Religious groups,2
Black Nationalism,2
Advertising,2
"U.S. History, 1933-1945",1
Anti-slavery movements,1
Art,1
Instrumentalists (Musicians),1
Photography,1
Hate crimes,1
Government,1
Selma to Montgomery Marches,1
"U.S. History, Civil War, 1861-1865",1
Mississippi Freedom Summer,1
Recreation,1
Singers (Musicians),1
Poverty,1
Baseball,1
"U.S. History, 1945-1953",1
Motion pictures,1
Abolitionist movement,1
Societies,1
Caricature and cartoons,1
Sports,1
Finance,1
Afrobeat (Music),1
Housing,1
Technology,1
Humanitarianism,1
Poor People's Campaign,1
Portuguese colonialism,1
Young Lords Movement,1
Business,1
Calypso (Music),1
